管理大区,经销商编码,经销商名称,安装方式,客户端编码,上传情况,实际安装日期,上传时间,代传关系,2014-03-24,2014-03-25,2014-03-26,2014-03-27,2014-03-28,2014-03-31,2014-04-01,2014-04-02,,,,,
E1,3000121,中国医药集团上海公司东虹药品分公司,接口-XML,shdhyyyxgs,销售延迟1天,2013/10/21,18:30,,Y,Y,Y,Y,N,Y,Y,N,,,,,
E2,2057102,浙江省英特药业有限责任公司新特药分公司,接口-XML,zjswzsytyy20131119,销售延迟,2013/10/14,23:00,,Y,Y,Y,Y,N,N,Y,N,,,,,
E1,3007863,江苏省常州市亚邦医药物流中心公司,接口-XML,jssczsybyywlzx,销售延迟11小时,2013/10/24,23:00,,Y,Y,Y,Y,N,Y,Y,N,,,,,
E2,3003037,浙江省嘉兴市嘉信医药公司,接口-XML,zjsjxsjxyygs,销售延迟,2013/10/15,10:00,,N,Y,Y,N,N,Y,Y,Y,,,,,
E2,3005164,浙江省宝瑞医药公司,接口-XML,zjbryy,已成功上传,2013/10/15,10:00,,Y,Y,Y,Y,Y,Y,Y,Y,,,,,
N1,1001001,国药集团药业股份有限公司,接口-XML,gyjtyy,销售延迟1天,2013/10/18,10:00,,N,N,N,Y,N,Y,Y,N,,,,,
N2,2002908,陕西省西安双鹤医药股份有限公司新药分公司,接口-XML,sxxash,销售延迟,2013/10/22,10:00,,Y,Y,Y,Y,Y,Y,Y,Y,,,,,
E1,3005494,山东省国药控股聊城有限公司,业务数据库直连,3005494,销售延迟3天,2013/10/12,10:00,1053104,Y,Y,Y,N,N,Y,Y,Y,,,,,
E1,3032619,山东省青岛市国药控股青岛公司,业务数据库直连,3032619,已成功上传,2013/10/12,10:00,1053104,Y,Y,Y,N,N,Y,Y,Y,,,,,
E1,3000818,山东省国药控股济宁有限公司,业务数据库直连,3000818,已成功上传,2013/10/12,10:00,1053104,Y,Y,Y,N,N,Y,Y,Y,,,,,
E2,3003414,湖南省华润湖南双舟医药有限公司,接口-XML,hnshrsz,销售延迟超过7天33天,2013/11/12,10:00,,Y,N,Y,Y,Y,Y,Y,N,,,,,
N1,1002408,东北制药集团公司供销公司,业务数据库直连,dbzyjt,销售延迟7小时,2013/11/06,3:00,,Y,Y,Y,Y,N,Y,Y,Y,,,,,
E1,2037107,国药控股河南股份有限公司,接口-视图,gykghngf,销售延迟6小时,2013/11/19,4:00,,Y,Y,Y,Y,N,Y,Y,Y,,,,,
E1,3014572,江苏省国药控股盐城有限公司,接口-XML,jssgykgyc,销售延迟,2013/10/24,18:00,,Y,Y,Y,Y,Y,Y,Y,Y,,,,,
E2,3014856,江西省广力药业公司,业务数据库直连,jxsglyy,销售延迟6小时,2013/10/25,4:00,,Y,Y,Y,Y,Y,Y,Y,Y,,,,,
E2,3006339,福建省龙岩市全祥医药有限公司,业务数据库直连,fjlyqxyy,销售延迟1天,2013/10/25,5:00,,Y,Y,Y,Y,Y,Y,Y,Y,,,,,
E1,3003970,河南省德尔康药业有限公司,业务数据库直连,hndek,销售延迟3小时,2013/10/24,7:00,,Y,Y,Y,Y,Y,Y,Y,Y,,,,,
E2,3002047,浙江绍兴华通医药,接口-XML,zjsxht,销售延迟,2013/10/28,10:00,,Y,Y,Y,Y,N,N,N,Y,,,,,
E2,3002049,浙江省绍兴市震元公司,接口-XML,zjssxszy20131216,销售延迟,2013/11/12,10:00,,Y,Y,Y,Y,Y,Y,Y,Y,,,,,
N2,3006598,陕西省西安市兴庆医药有限公司,接口-XML,sxsxasxq,上传延迟超过24小时4天,2013/11/18,10:00,,N,Y,N,Y,Y,N,N,N,,,,,
N1,3001681,河北省沧州阳光医药公司,接口-XML,hbczygyy,销售延迟5天,2013/10/25,周上传,,N,N,N,N,Y,N,Y,N,,,,,
E1,3006431,国药控股常州有限公司,接口-视图,gykgcz,销售延迟,2013/10/12,10:00,,Y,Y,Y,Y,N,Y,Y,Y,,,,,
E1,3014423,国药控股苏州公司,接口-视图,gykgsz,已成功上传,2013/10/09,10:00,,Y,Y,Y,Y,N,Y,Y,Y,,,,,
E2,3002010,浙江省医药股份有限公司,接口-视图,zjsyygf,销售延迟,2013/10/15,10:00,,Y,Y,Y,Y,Y,Y,Y,Y,,,,,
E1,1053105,山东省上药商联药业有限公司,接口-视图,sdsysl,销售延迟,2013/10/14,10:00,,Y,Y,Y,Y,Y,Y,Y,Y,,,,,
N1,3004114,国药控股黑龙江分公司,接口-视图,gykghlj,销售延迟,2013/10/25,10:00,,N,Y,N,N,N,N,Y,N,,,,,
N1,2031103,乐仁堂医药集团股份有限公司药品分公司,接口-视图,lrtyyjt,正常,2013/10/17,22:30,,Y,Y,Y,Y,N,Y,Y,N,,,,,
S,3002944,四川省天诚药业公司,接口-视图,scstcyy,销售延迟,2013/10/18,10:00,,Y,Y,Y,Y,Y,Y,Y,Y,,,,,
E2,2059503,福建省泉州市东大医药有限责任公司,接口-视图,qzddyy,上传延迟超过24小时5天,2013/10/21,10:00,,Y,Y,Y,Y,N,N,N,Y,,,,,
E1,1053701,山东省烟台市国药控股有限公司,业务数据库直连,1053701,已成功上传,2013/10/11,10:00,1053104,Y,Y,Y,N,N,Y,Y,Y,,,,,
E1,3004669,江苏省国药控股徐州有限公司,接口-视图,jssgykgxz,销售延迟,2013/10/21,10:00,,Y,Y,Y,Y,N,Y,Y,Y,,,,,
E1,3010408,山东省济南市国药控股济南公司,业务数据库直连,3010408,销售延迟4天,2013/10/11,10:00,1053104,Y,Y,Y,N,N,Y,Y,Y,,,,,
N2,3004843,陕西省西安市派昂医药有限责任公司,接口-视图,sspayy,销售延迟1天,2013/11/14,10:00,,Y,Y,Y,Y,Y,Y,Y,Y,,,,,
E1,3006391,山东省国药控股枣庄有限公司,业务数据库直连,3006391,销售延迟4天,2013/10/11,10:00,1053104,Y,Y,Y,N,N,Y,Y,Y,,,,,
E1,2053901,山东省临沂医药集团有限公司,业务数据库直连,2053901,已成功上传,2013/10/15,10:00,1053104,Y,Y,Y,N,N,Y,Y,Y,,,,,
E1,3034364,国药控股德州有限公司? ,业务数据库直连,3034364,销售延迟,2013/11/25,10:00,1053104,Y,Y,Y,N,N,Y,Y,Y,,,,,
E1,3036037,国药控股泰安有限公司? ,业务数据库直连,3036037,销售延迟超过7天11天,2013/11/26,10:00,1053104,Y,Y,Y,N,N,Y,Y,Y,,,,,
N1,3005613,国药控股天津有限公司唐山分公司,接口-视图,3005613,销售延迟,2013/10/16,22:30,2031103,Y,Y,Y,Y,N,Y,Y,N,,,,,
E2,3002194,南京医药湖北有限公司,接口-XML,njyyhb,销售延迟,2013/10/25,10:00,,Y,Y,Y,Y,N,N,Y,Y,,,,,
E2,3002465,国药控股泉州有限公司,接口-XML,fjqzby,销售延迟1天,2013/10/25,10:00,,Y,Y,Y,Y,N,Y,Y,Y,,,,,
E1,3001468,江苏省国药控股南通有限公司,接口-XML,gykgnt,销售延迟1天,2013/10/30,10:00,,Y,N,N,Y,Y,Y,Y,N,,,,,
N2,2002213,天津浩年世纪医药股份有限公司,接口-XML,tjhnsjyygf,销售延迟,2013/10/29,10:00,,Y,Y,Y,Y,N,N,Y,Y,,,,,
E1,1053502,山东省瑞康医药股份有限公司,接口-视图,sdsrkyy,已成功上传,2013/10/25,10:00,,Y,Y,N,N,Y,Y,Y,Y,,,,,
N1,3014743,河北省乐仁堂医药集团公司唐山分公司,接口-视图,3014743,销售延迟1天,2013/10/16,22:30,2031103,Y,Y,Y,Y,N,Y,Y,N,,,,,
E2,3002381,湖南省时代阳光商业医药公司,接口-视图,hnsdygyy,已成功上传,2013/10/21,10:00,,Y,Y,Y,Y,N,N,Y,Y,,,,,
N2,2099102,国药集团新疆药业有限公司,接口-视图,gyjtxjyy,销售延迟1小时,2013/10/29,9:00,,Y,Y,Y,Y,Y,Y,Y,Y,,,,,
S,3003706,广东省汕头市天健药业公司,接口-视图,gdsststjyy,销售延迟2天,2013/10/31,13:00,,N,Y,Y,Y,Y,Y,N,N,,,,,
N1,3002547,大连中大药业有限公司,接口-XML,dlzd,销售延迟,2013/02/25,10:00,,Y,Y,Y,N,Y,Y,N,Y,,,,,
N1,2047103,国药控股内蒙古有限公司,接口-视图,gykgnmg,销售延迟,2013/10/25,10:00,,Y,Y,Y,Y,Y,Y,Y,N,,,,,
E2,3000659,上海医药安庆分公司,接口-视图,shyyaq,销售延迟,2013/10/25,10:00,,N,N,N,N,Y,Y,Y,Y,,,,,
E1,3003519,山东省淄博市众生医药公司,接口-视图,sdzbzs,已成功上传,2013/10/25,10:00,,N,N,Y,Y,Y,Y,Y,Y,,,,,
E1,3007294,江苏省华晓医药物流公司,接口-视图,jsshxyywl,销售延迟,2013/10/24,10:00,,Y,Y,Y,Y,N,Y,Y,Y,,,,,
N1,1002406,辽宁省医药对外贸易公司,接口-视图,lnsyydwmy,销售延迟18小时,2013/04/09,16:00,,Y,Y,Y,Y,Y,Y,Y,Y,,,,,
E2,2073102,湖南省瑞格医药有限公司,接口-视图,hnrg,已成功上传,2013/11/06,10:00,,Y,Y,Y,Y,N,N,Y,Y,,,,,
E2,3014293,浙江省振德医药有限公司,接口-中间数据库,zjzdyy,销售延迟,2013/10/12,10:00,,Y,Y,Y,Y,N,N,Y,Y,,,,,
S,3001375,广西玉林市桂玉医药公司,接口-中间数据库,gxylsgyyy,销售延迟,2013/10/14,10:00,,N,Y,Y,Y,N,N,Y,Y,,,,,
S,3005829,云南省昆明市同丰医药有限公司,接口-中间数据库,ynskmstf,销售延迟5天,2013/10/11,10:00,,Y,Y,Y,Y,Y,Y,Y,Y,,,,,
E1,1002506,江苏省医药公司,接口-中间数据库,jssyygs,正常,2013/09/30,18:30,,Y,Y,Y,Y,N,N,Y,N,,,,,
E2,3002071,浙江省金华市华润衢州医药公司,接口-中间数据库,zjsjhshrqzyy,销售延迟1天,2013/10/30,10:00,,Y,Y,Y,Y,Y,N,Y,N,,,,,
E2,3033168,浙江省台州市健达医药有限公司,接口-中间数据库,zjtzjdyy,销售延迟,2013/10/14,10:00,,Y,Y,Y,Y,N,N,N,Y,,,,,
N1,3003850,辽宁省朝阳市华康药业公司,接口-中间数据库,lncyhk,上传延迟超过24小时3天,2013/10/16,10:00,,Y,N,Y,Y,N,N,N,Y,,,,,
E1,1051901,江苏省常州药业股份有限公司医药药材分公司,接口-中间数据库,jssczyy,销售延迟,2013/10/16,10:00,,Y,N,Y,N,Y,Y,Y,Y,,,,,
N1,1043103,国药控股吉林省有限公司,接口-中间数据库,gykgjls,销售延迟1天,2013/10/18,10:00,,Y,Y,Y,Y,N,Y,Y,N,,,,,
N1,1045101,黑龙江省哈药集团医药有限公司新药特药分公司,接口-中间数据库,hljhyxyty,上传延迟超过24小时5天,2013/10/18,10:00,,Y,Y,Y,Y,N,N,N,Y,,,,,
E1,3001544,江苏省大众药业公司,接口-中间数据库,jssdzyy,销售延迟,2013/10/18,10:00,,Y,Y,Y,Y,N,Y,Y,Y,,,,,
S,3001087,广东省东方新特药公司,接口-中间数据库,gddfxtyy,正常,2013/10/17,23:30,,Y,Y,Y,N,N,N,Y,N,,,,,
N2,2035102,国药控股山西有限公司,接口-中间数据库,gykgsxyx,销售延迟1天,2013/10/23,10:00,,Y,N,Y,Y,N,N,Y,N,,,,,
E1,3010611,江苏省宏康医药公司,接口-中间数据库,jsszjsgykgzj,销售延迟,2013/10/23,10:00,,N,N,Y,Y,N,Y,Y,Y,,,,,
S,3008708,云南省众和药业有限公司,接口-中间数据库,ynszhyy,上传延迟超过24小时5天,2013/10/21,10:00,,N,Y,Y,Y,N,N,N,N,,,,,
E2,3007146,湖南省湘潭市天士力民生药业有限公司,接口-视图,hnstslms,销售延迟,2013/10/29,10:00,,Y,Y,Y,Y,N,N,N,Y,,,,,
N1,3000182,北京市嘉事堂药业公司,接口-视图,bjsjstyy,销售延迟,2013/10/30,10:00,,Y,Y,Y,Y,Y,Y,Y,Y,,,,,
E1,1051401,国药控股扬州有限公司,接口-视图,gykg,销售延迟,2013/03/13,10:00,,Y,Y,Y,Y,N,N,Y,Y,,,,,
E2,2059103,福建中鹭医药有限公司,接口-视图,fjzlyy,销售延迟,2013/02/26,10:00,,Y,Y,Y,Y,N,N,Y,Y,,,,,
E1,1053801,山东省容大医药有限公司,接口-中间数据库,sdsrdyy,销售延迟,2013/10/24,10:00,,Y,Y,Y,N,N,Y,Y,Y,,,,,
E1,3004126,江苏省南通市礼安医药公司,接口-中间数据库,jssntslayy,正常,2013/10/28,22:00,,N,Y,Y,N,N,N,Y,N,,,,,
E1,3006434,山东省滨州市黄河医药公司,接口-中间数据库,sdsbzshh,销售延迟,2013/10/24,10:00,,Y,Y,Y,Y,N,Y,Y,Y,,,,,
E1,3008904,山东省枣庄市银海医药公司,接口-中间数据库,sdzzyh,销售延迟,2013/10/25,10:00,,Y,Y,Y,Y,N,Y,Y,Y,,,,,
N1,1001008,国药集团医药控股北京公司,接口-中间数据库,gyjtyybj,销售延迟,2013/10/30,10:00,,Y,Y,Y,Y,N,Y,Y,Y,,,,,
E1,3004083,河南省洛阳鼎信御安药业公司,接口-中间数据库,hnlydxya,销售延迟1天,2013/11/05,10:00,,Y,Y,Y,N,N,Y,Y,Y,,,,,
E2,3004125,国药集团医药控股湖北公司,接口-中间数据库,gykghb,已成功上传,2013/10/29,10:00,,Y,Y,Y,Y,N,Y,Y,Y,,,,,
E2,3004326,国药控股湖南德源医药有限公司,接口-中间数据库,gykghndy,上传延迟超过24小时5天,2013/10/29,10:00,,Y,Y,Y,Y,N,N,N,N,,,,,
E1,3003439,江苏省南通市佳源医药公司,接口-中间数据库,jsntjyyy,销售延迟4天,2013/10/31,10:00,,Y,N,Y,Y,Y,Y,Y,Y,,,,,
N1,1002409,华润辽宁医药有限公司,接口-中间数据库,hrlnyy,销售延迟,2013/10/29,10:00,,Y,N,Y,Y,N,N,Y,Y,,,,,
E1,3001466,江苏省南京医药南通健桥公司,接口-中间数据库,jssnjyyntjq,上传延迟超过7天20天,2013/10/29,10:00,,N,N,N,N,N,N,N,N,,,,,
E1,3003613,山东省海王银河医药公司济宁分公司,接口-中间数据库,sdshwyhjn,销售延迟3天,2013/10/24,10:00,,Y,Y,N,N,N,N,Y,Y,,,,,
E2,2079101,江西省南华医药有限公司,接口-中间数据库,jxsnhyy,销售延迟,2013/10/30,10:00,,Y,Y,Y,Y,N,Y,Y,Y,,,,,
E1,3003797,山东省海王银河医药公司临沂分公司,接口-中间数据库,sdshwly,销售延迟3天,2013/10/24,11:46,,Y,Y,Y,Y,N,N,Y,Y,,,,,
E1,1053601,山东省海王银河医药有限公司,接口-中间数据库,sdshwyh,销售延迟23小时,2013/10/29,10:00,,Y,Y,N,N,N,N,Y,N,,,,,
E1,3010701,山东省菏泽市天地医药公司,业务数据库直连,sdshztd,销售延迟超过7天13天,2013/10/16,10:00,,Y,Y,Y,Y,Y,Y,Y,Y,,,,,
E1,3032835,江苏省华润昆山医药有限公司,业务数据库直连,jsshrksyy,已成功上传,2013/10/10,10:00,,Y,Y,Y,Y,N,Y,Y,Y,,,,,
E1,3001535,国药控股无锡有限公司,业务数据库直连,gykgwx,已成功上传,2013/09/26,10:00,,Y,Y,Y,Y,N,Y,Y,Y,,,,,
E1,3001582,江苏吴江市国医药业公司,业务数据库直连,jswjsgyyy,销售延迟1天,2013/09/26,10:00,,Y,Y,Y,Y,N,N,Y,Y,,,,,
E1,3010685,山东省威海市海王医药公司,业务数据库直连,sdswhshw,销售延迟1小时,2013/09/29,10:00,,Y,N,Y,Y,Y,Y,Y,Y,,,,,
E1,3006662,山东省东阿奇典医疗公司,业务数据库直连,sdsdaqdyl,销售延迟4天,2013/09/26,10:00,,Y,Y,Y,Y,Y,Y,N,Y,,,,,
E1,3006779,山东省莱州德裕昌医药公司,业务数据库直连,sdlzdyc,N,2013/09/25,10:00,,Y,Y,Y,Y,N,Y,Y,Y,,,,,
E1,3006100,江苏省江阴华宏医药有限公司,业务数据库直连,jssjyhhyu,销售延迟,2013/09/29,10:00,,Y,Y,Y,Y,N,N,Y,Y,,,,,
E1,3005437,江苏省无锡星洲医药公司,业务数据库直连,jsswxxzyy_20140117,销售延迟,2013/09/27,10:00,,Y,Y,Y,Y,Y,Y,Y,Y,,,,,
E1,3003518,山东省济南银海医药有限公司,业务数据库直连,sdsjnyh,销售延迟,2013/09/29,10:00,,Y,Y,Y,N,N,Y,Y,Y,,,,,
S,3004109,广东省东莞市国药集团公司,业务数据库直连,gdsdwsgy,已成功上传,2013/10/11,10:00,,Y,Y,Y,Y,Y,Y,Y,Y,,,,,
S,3003455,贵州省科开医药股份有限公司,业务数据库直连,gzskkyy,销售延迟6天,2013/10/16,10:00,,Y,Y,Y,Y,N,Y,Y,Y,,,,,
E1,2037105,河南省海王银河医药有限公司,业务数据库直连,hnshwyhyy,销售延迟,2013/10/15,10:00,,Y,Y,Y,Y,N,N,Y,Y,,,,,
N1,3007201,河北省邯郸市圣方医药有限公司,业务数据库直连,hbhdsfyy,上传延迟超过24小时5天,2013/10/14,10:00,,N,N,N,Y,N,N,N,Y,,,,,
E1,3003690,江苏省宜兴市药业公司,业务数据库直连,jsyxyy,"加载失败
		销售数据中数据删除率为31.313131313131315%",2013/10/16,10:00,,Y,Y,Y,Y,N,Y,Y,Y,,,,,
N2,3002829,陕西省西安市大正医药有限公司,业务数据库直连,sxxazdyy,正常,2013/10/14,20:00,,Y,Y,Y,Y,Y,Y,Y,N,,,,,
N2,3014939,山西省太原市华润山西康兴源医药有限公司,业务数据库直连,hrsxkxy,销售延迟,2013/10/08,10:00,,Y,Y,Y,N,N,Y,Y,Y,,,,,
N2,2002906,国药控股陕西有限公司,业务数据库直连,gykgsx,销售延迟,2013/09/30,10:00,,Y,Y,Y,Y,N,N,Y,Y,,,,,
E1,3033883,山东省华润济宁医药有限公司,业务数据库直连,sdshrjn,正常,2013/09/29,22:30,,Y,Y,Y,Y,Y,N,Y,N,,,,,
E2,3002057,浙江省舟山存德医药公司,业务数据库直连,zjzscd,销售延迟,2013/10/16,10:00,,Y,N,Y,Y,Y,Y,Y,Y,,,,,
E1,1051203,江苏省泰州医药有限公司,业务数据库直连,jsstzyy,上传延迟超过24小时5天,2013/10/16,10:00,,Y,Y,Y,Y,N,N,N,N,,,,,
E1,3001566,江苏省南京医药(淮安)天颐医药公司,业务数据库直连,jssnjyyty20140210,销售延迟,2013/10/16,10:00,,Y,Y,Y,Y,Y,Y,Y,Y,,,,,
S,3003145,云南省东昌医药公司,业务数据库直连,ynsdcyy,正常,2013/10/11,22:30,,Y,Y,Y,Y,Y,Y,Y,N,,,,,
N2,3014916,甘肃省兰州市普禾医药有限公司,业务数据库直连,gsslzsphyy,销售延迟,2013/10/11,10:00,,Y,Y,Y,Y,Y,Y,Y,Y,,,,,
N2,3006065,陕西省汉中市秦巴医药有限责任公司,业务数据库直连,sxhzqbyy,销售延迟6天,2013/10/10,10:00,,Y,Y,Y,Y,Y,Y,Y,Y,,,,,
N1,1031601,华润廊坊医药有限公司,业务数据库直连,hrlfyy,销售延迟,2013/09/30,10:00,,Y,Y,Y,Y,N,N,Y,Y,,,,,
N1,3003960,河北省保定市神州行医药公司,业务数据库直连,hbbdszx,销售延迟,2013/10/12,10:00,,Y,Y,Y,Y,Y,N,Y,Y,,,,,
E1,3003988,山东省烟台海王医药有限公司,业务数据库直连,sdsythw,正常,2013/09/26,10:00,,Y,Y,Y,Y,Y,N,Y,N,,,,,
N1,3002550,辽宁省大连维达医药经营站,业务数据库直连,lnsdlwdyy,已成功上传,2013/10/12,10:00,,Y,Y,Y,Y,Y,Y,Y,Y,,,,,
E2,3006525,安徽省安庆市天禾药业,业务数据库直连,jlthyygs,已成功上传,2013/10/12,10:00,,Y,Y,Y,Y,Y,Y,Y,Y,,,,,
E2,3000642,安徽省合肥市迪迈药械公司,业务数据库直连,ahshfsdmyx,销售延迟4天,2013/10/12,10:00,,N,N,N,Y,Y,Y,N,N,,,,,
E2,3014075,安徽省马鞍山医药有限公司,业务数据库直连,ahsmasyy,上传延迟超过7天34天,2013/10/11,10:00,,N,N,N,N,N,N,N,N,,,,,
E2,3005349,江西省宜春市康成药业公司,业务数据库直连,jxsycskc,销售延迟1天,2013/10/14,10:00,,Y,Y,Y,Y,Y,Y,Y,N,,,,,
E2,3034333,江西宏安医药有限公司,业务数据库直连,jxshayy,销售延迟超过7天8天,2013/10/10,10:00,,Y,Y,Y,Y,N,Y,Y,Y,,,,,
E2,3004741,江西省鹰潭医药公司,业务数据库直连,jxsytyy,销售延迟,2013/10/11,10:00,,Y,Y,Y,Y,N,Y,Y,Y,,,,,
S,3032825,重庆市万州区国万药业公司,业务数据库直连,cqswzqgw,销售延迟,2013/10/14,10:00,,Y,Y,Y,Y,N,Y,Y,Y,,,,,
E1,1053104,国药控股山东有限公司,业务数据库直连,gykgsd,已成功上传,9月前,10:00,,Y,Y,Y,N,N,Y,Y,Y,,,,,
E1,1051204,江苏省徐州医药股份有限公司医药分公司,业务数据库直连,jssxzyy,已成功上传,2013/10/18,10:00,,Y,Y,Y,Y,N,N,Y,Y,,,,,
N2,3002400,国药控股甘肃有限公司,业务数据库直连,gykggsyxgs,上传延迟超过24小时5天,2013/10/18,18:00,,Y,Y,Y,Y,N,N,N,N,,,,,
N2,2035101,山西省双鹤药业公司药品分公司,业务数据库直连,sxsshyp,已成功上传,2013/10/17,10:00,,Y,Y,N,N,N,Y,Y,Y,,,,,
N1,3033218,辽宁省大连市华润大连澳德医药有限公司,接口-中间数据库,lndlhrad,销售延迟1天,2013/10/29,10:00,,Y,N,Y,Y,N,Y,Y,Y,,,,,
E2,3006914,浙江省东阳市方圆医药有限公司,业务数据库直连,zjdyfyyy,销售延迟5天,2013/10/18,10:00,,Y,Y,N,N,Y,Y,N,Y,,,,,
N1,3014216,华润吉林康乃尔医药有限公司,业务数据库直连,hrjlkneyy,销售延迟,2013/10/22,10:00,,Y,Y,Y,Y,Y,Y,Y,Y,,,,,
E2,3004781,浙江省温州市时代医药公司,业务数据库直连,zjswzsdyy,销售延迟1天,2013/10/22,10:00,,N,N,Y,Y,N,N,Y,N,,,,,
N1,3006009,河北省保定市通达医药药材经营有限责任公司,业务数据库直连,hbsbdstdyy,已成功上传,2013/10/22,10:00,,Y,Y,Y,Y,Y,Y,Y,Y,,,,,
N1,3033208,河北省国药乐仁堂秦皇岛医药有限公司,接口-视图,3033208,销售延迟,2013/10/15,22:30,2031103,Y,Y,Y,Y,N,Y,Y,N,,,,,
E2,1079101,江西省汇仁集团医药科研营销有限公司,业务数据库直连,jxshrjt,已成功上传,2013/10/23,10:00,,Y,Y,Y,Y,Y,Y,Y,Y,,,,,
E1,3004227,江苏省南京医药仪征公司,业务数据库直连,jsnjyy,销售延迟,2013/10/23,10:00,,Y,Y,Y,Y,Y,Y,Y,Y,,,,,
N1,1045104,哈药集团医药有限公司药品分公司,接口-中间数据库,hyjt,销售延迟,2013/03/13,10:00,,Y,Y,Y,Y,Y,Y,Y,Y,,,,,
N2,3003663,陕西省宝鸡天健医药有限公司,业务数据库直连,sxbjtj,上传延迟超过7天13天,2013/10/21,10:00,,N,N,N,N,N,N,N,N,,,,,
N1,3032995,河北省张家口市国药乐仁堂张家口医药有限公司,接口-视图,3032995,销售延迟,2013/10/15,22:30,2031103,Y,Y,Y,Y,N,Y,Y,N,,,,,
N1,3004302,国药乐仁堂唐山医药有限公司,接口-视图,3004302,销售延迟,2013/10/15,22:30,2031103,Y,Y,Y,Y,N,Y,Y,N,,,,,
N1,3010727,国药乐仁堂邯郸医药有限公司,接口-视图,3010727,销售延迟,2013/10/15,22:30,2031103,Y,Y,Y,Y,N,Y,Y,N,,,,,
N1,2047502,国药控股通辽有限公司,接口-视图,2047502,销售延迟,2013/10/25,10:00,2047103,Y,Y,Y,Y,Y,Y,Y,N,,,,,
N1,3033200,河北省国药乐仁堂衡水医药有限公司,业务数据库直连,hbsgylrths2,销售延迟,2013/10/16,10:00,2031103,Y,Y,Y,Y,N,Y,Y,N,,,,,
E2,3010638,浙江省温州市英特药业公司,接口-XML,3010638,销售延迟,2013/10/14,22:30,2057102,Y,Y,Y,Y,N,N,Y,N,,,,,
E2,3001967,浙江省宁波市英特药业,接口-XML,3001967,销售延迟,2013/10/14,22:30,2057102,Y,Y,Y,Y,N,N,Y,N,,,,,
E1,3009492,山东省青岛华仁新特药公司,业务数据库直连,sdsqhhrxty,销售延迟超过7天8天,2013/10/28,10:00,,Y,Y,Y,Y,Y,Y,Y,Y,,,,,
S,2002806,四川省德音医药有限公司,业务数据库直连,scdyyy,销售延迟,2013/11/08,10:00,,Y,Y,Y,Y,Y,Y,Y,Y,,,,,
E2,2057403,浙江省大生医药有限公司,业务数据库直连,zjsdsyy,销售延迟,2013/10/21,10:00,,Y,Y,Y,Y,N,N,N,Y,,,,,
S,3002092,海南省海口市华健医药公司,业务数据库直连,hnshkshjyy,销售延迟,2013/10/21,10:00,,Y,Y,Y,N,N,Y,Y,Y,,,,,
N2,3006756,天津市江山医药贸易有限公司,业务数据库直连,tjjsyy,销售延迟1天,2013/10/21,10:00,,Y,Y,Y,Y,Y,Y,N,Y,,,,,
S,3002540,贵州省贵阳市医药公司,业务数据库直连,gzsgysyy,已成功上传,2013/10/23,10:00,,Y,N,Y,N,Y,Y,Y,Y,,,,,
N1,3005744,河北省邢台市汇康医药公司,业务数据库直连,hbxthk,销售延迟,2013/10/21,10:00,,Y,N,Y,Y,Y,Y,Y,Y,,,,,
N2,2097102,国药控股青海有限公司,业务数据库直连,gykgqh,销售延迟,2013/10/28,10:00,,Y,Y,Y,Y,N,Y,N,Y,,,,,
N2,3002790,陕西省汉中市医药总公司药品公司,业务数据库直连,sxhzyy,已成功上传,2013/10/12,10:00,,Y,Y,Y,Y,Y,Y,Y,Y,,,,,
N2,3004184,天津市奥淇医科医药销售公司,接口-中间数据库,tjaqyk,销售延迟1天,2013/11/20,10:00,,Y,Y,Y,Y,Y,Y,Y,Y,,,,,
E2,3002458,福建省泉州市医药公司,业务数据库直连,fjqzyy,销售延迟超过7天7天,2013/11/18,10:00,,N,Y,Y,N,Y,N,Y,Y,,,,,
S,3010043,贵州省贵阳市国药控股贵州公司,业务数据库直连,gzsgykg,已成功上传,2013/09/29,10:00,,Y,Y,Y,Y,Y,Y,Y,Y,,,,,
N1,3005672,河北省保定市龙隆医药有限公司,业务数据库直连,hbbdllyy,销售延迟,2013/10/11,10:00,,Y,Y,Y,Y,N,Y,Y,Y,,,,,
E1,3003421,山东省青岛海王银河医药有限公司,业务数据库直连,sdsqdhwyh,正常,2013/10/18,10:00,,Y,Y,Y,Y,Y,Y,Y,Y,,,,,
E1,1002508,国药控股南京有限公司,业务数据库直连,gykgnj,已成功上传,2013/10/23,10:00,,Y,Y,Y,Y,N,Y,Y,Y,,,,,
E2,3002376,国药控股湖南有限公司,业务数据库直连,gykghnyxgs,销售延迟,2013/10/24,10:00,,Y,Y,Y,Y,Y,Y,Y,Y,,,,,
N1,3003500,黑龙江省牡丹江天利医药连锁公司,业务数据库直连,hljsmdjtl,销售延迟,2013/10/15,10:00,,Y,Y,Y,Y,N,Y,Y,Y,,,,,
E2,3003845,国药控股江西有限公司,业务数据库直连,gykgjx,销售延迟超过7天11天,2013/10/24,10:00,,Y,Y,Y,Y,N,N,N,Y,,,,,
N1,3006772,辽宁省葫芦岛市医药有限责任公司新药特药分公司,业务数据库直连,lnshlds,销售延迟,2013/10/24,10:00,,Y,Y,Y,Y,Y,Y,Y,Y,,,,,
E2,3002043,绍兴英特大通医药公司,接口-XML,3002043,销售延迟,2013/10/30,22:30,2057102,Y,Y,Y,Y,N,N,Y,N,,,,,
N2,3005853,新疆阿克苏地区新特药民族药业公司阿克苏分公司,接口-视图,3005853,销售延迟,2013/10/31,9:00,2099102,Y,Y,Y,Y,Y,Y,Y,Y,,,,,
E2,3008664,国药控股新余有限公司,业务数据库直连,gykgxy,销售延迟4天,2013/10/24,10:00,,Y,N,Y,Y,N,N,Y,Y,,,,,
E2,3007865,江西省南昌市洪兴医药公司,业务数据库直连,jxnchx,销售延迟1天,2013/10/28,10:00,,Y,Y,Y,Y,Y,Y,Y,Y,,,,,
E2,3014584,江西省南昌市信德医药公司,业务数据库直连,jssncsxdyy,销售延迟超过7天32天,2013/10/25,10:00,,Y,Y,Y,Y,Y,Y,Y,Y,,,,,
E1,3001599,江苏省苏州市康民医药公司,业务数据库直连,jssszskmyy,销售延迟,2013/10/24,10:00,,Y,Y,Y,Y,N,N,Y,Y,,,,,
E2,3006400,安徽省合肥市华文医药物流有限公司,业务数据库直连,ahshfshwyy,销售延迟1天,2013/10/31,10:00,,N,N,N,N,N,Y,N,N,,,,,
E2,3003161,安徽省立方药业公司,业务数据库直连,ahshnshkyy,已成功上传,2013/11/07,10:00,,Y,Y,Y,Y,Y,Y,Y,Y,,,,,
N2,3003104,陕西省西安市广药康健医药公司,业务数据库直连,sxxagykj,已成功上传,2013/10/31,10:00,,Y,N,Y,Y,Y,Y,Y,Y,,,,,
S,1076001,广东省中山市医药有限公司,webserver,gdzssyy,销售延迟,2013/11/01,10:00,,Y,Y,Y,Y,Y,Y,Y,Y,,,,,
N1,3007278,黑龙江省哈尔滨正大龙祥医药有限公司,业务数据库直连,hljshebzdlx,销售延迟4天,2013/10/17,10:00,,Y,Y,Y,N,Y,Y,Y,Y,,,,,
N1,3001656,河北省保定市保北医药药材公司,业务数据库直连,hbbdbbyyyc,上传延迟超过24小时6天,2013/10/29,10:00,,Y,Y,Y,N,N,N,N,N,,,,,
E1,2037102,河南省康信医药有限公司,文件客户端,hnkxyy,N,2013/05/06,2:45,,Y,Y,Y,Y,Y,Y,Y,Y,,,,,
N2,2099101,新疆新特西部药业有限责任公司,接口-视图,2099101,销售延迟,2013/11/27,9:00,2099102,Y,Y,Y,Y,Y,Y,Y,Y,,,,,
N2,2093103,甘肃百安医药科技有限公司,业务数据库直连,gsbayy,已成功上传,2013/02/04,10:00,,Y,Y,Y,Y,Y,Y,Y,Y,,,,,
E1,3003916,河南省商丘市哈药集团世一堂百川医药商贸有限公司,业务数据库直连,sqhysytbc,已成功上传,2013/10/31,10:00,,Y,Y,Y,N,N,Y,Y,Y,,,,,
E2,3004418,江西省九州医药公司,业务数据库直连,jxsjzyy,已成功上传,2013/10/29,10:00,,Y,N,Y,N,Y,N,N,Y,,,,,
E2,3005154,江西省宜春市仁济医药公司,业务数据库直连,jxsycrj,销售延迟,2013/10/29,10:00,,Y,Y,Y,Y,Y,Y,Y,Y,,,,,
N1,3005083,河北省信德医药药材有限公司,业务数据库直连,hbxdyy,销售延迟4天,2013/10/31,10:00,,Y,Y,Y,Y,Y,Y,Y,Y,,,,,
E2,3000691,安徽省滁州市医药公司,业务数据库直连,ahsczsyy,销售延迟超过7天33天,2013/11/08,10:00,,N,N,Y,Y,Y,Y,N,Y,,,,,
E2,3007155,浙江省金华市普洛康裕医药药材有限公司,业务数据库直连,zjjhplky,销售延迟超过7天74天,2013/11/06,10:00,,Y,Y,Y,Y,Y,Y,Y,Y,,,,,
E2,3033186,湖北省黄石市博睿医药发展有限公司,业务数据库直连,hbhsbryy,上传延迟超过24小时4天,2013/11/07,10:00,,Y,Y,Y,Y,Y,N,N,N,,,,,
E1,1051002,上药山禾无锡医药股份有限公司,业务数据库直连,sysh20130911,销售延迟,2013/03/18,10:00,,N,N,Y,Y,Y,Y,Y,Y,,,,,
E2,3010026,国药控股湖南省郴州公司,业务数据库直连,3010026,销售延迟1天,2013/10/24,10:00,3002376,Y,Y,Y,Y,Y,Y,Y,Y,,,,,
N2,2095101,国药控股宁夏有限公司,业务数据库直连,gykgnx,已成功上传,2013/04/07,10:00,,Y,Y,Y,Y,Y,Y,Y,Y,,,,,
N2,3005090,山西省临汾医药药材有限公司,业务数据库直连,sxslfyy,销售延迟,2013/11/13,10:00,,Y,Y,Y,Y,Y,Y,Y,Y,,,,,
S,3002757,重庆市渝长龙药业公司,业务数据库直连,cqsyclyy,销售延迟,2013/11/20,10:00,,N,N,Y,Y,Y,Y,Y,Y,,,,,
E1,3000804,山东省宏济堂医药集团有限公司,业务数据库直连,sdhjtyy,上传延迟超过24小时5天,2013/11/19,10:00,,N,Y,Y,Y,N,N,N,N,,,,,
N1,3009424,辽宁省天宇医药贸易公司,业务数据库直连,lnstyyy,销售延迟,2013/11/14,10:00,,Y,Y,Y,Y,Y,Y,Y,Y,,,,,
S,3008993,云南省昆明市昆卫药事服务公司,业务数据库直连,ynskmskw,销售延迟1天,2013/11/19,10:00,,Y,Y,Y,Y,Y,Y,Y,Y,,,,,
E1,3003453,江苏省徐州市淮海药业有限公司,接口-中间数据库,jssxzshhyy,销售延迟,2013/12/05,10:00,,Y,Y,Y,Y,N,N,Y,Y,,,,,
E2,3010425,湖南省岳阳市国药控股岳阳公司,业务数据库直连,3010425,销售延迟,2013/10/24,10:00,3002376,Y,Y,Y,Y,Y,Y,Y,Y,,,,,
E2,3003437,湖南省长沙双鹤医药公司,接口-中间数据库,hncssh,上传延迟超过24小时5天,2013/11/25,10:00,,N,N,Y,Y,N,N,N,N,,,,,
E1,2037109,华润河南医药有限公司,接口-视图,hrhnyy,已成功上传,2013/11/28,10:00,,Y,Y,Y,Y,Y,Y,Y,Y,,,,,
S,3032988,重庆市桐君阁股份有限公司,业务数据库直连,cqstjg,已成功上传,2013/11/26,12:30,,Y,Y,Y,N,Y,Y,Y,Y,,,,,
E2,3010598,湖南省湘潭市国药控股湘潭公司,业务数据库直连,3010598,销售延迟4天,2013/10/24,10:00,3002376,Y,Y,Y,Y,Y,Y,Y,Y,,,,,
E2,3032643,湖南省长沙市国药控股湘西有限公司,业务数据库直连,3032643,销售延迟6天,2013/10/24,10:00,3002376,Y,Y,Y,Y,Y,Y,Y,Y,,,,,
E2,3004437,湖南省长沙双鹤医药公司城区配送站,接口-中间数据库,3004437,上传延迟超过24小时5天,2013/11/26,10:00,3003437,N,N,Y,Y,N,N,N,N,,,,,
E2,3005013,湖南省长沙双鹤医药公司郴州配送中心,接口-中间数据库,3005013,上传延迟超过24小时5天,2013/11/26,10:00,3003437,N,N,Y,Y,N,N,N,N,,,,,
E2,3007693,湖南省长沙双鹤医药公司岳阳配送中心,接口-中间数据库,3007693,上传延迟超过24小时5天,2013/11/26,10:00,3003437,N,N,Y,Y,N,N,N,N,,,,,
E2,3004438,湖南省长沙双鹤医药公司株洲配送中心,接口-中间数据库,3004438,上传延迟超过24小时5天,2013/11/29,10:00,3003437,N,N,Y,Y,N,N,N,N,,,,,
E1,3009902,河南省新博源医药公司,业务数据库直连,hnsxbyyy,销售延迟5天,2013/12/06,10:00,,Y,Y,Y,Y,N,Y,Y,Y,,,,,
E2,3007686,湖南省长沙双鹤医药公司常德配送中心,接口-中间数据库,3007686,上传延迟超过24小时5天,2013/11/29,10:00,3003437,N,N,Y,Y,N,N,N,N,,,,,
E2,3002373,湖南省双鹤新特药公司,接口-中间数据库,3002373,上传延迟超过24小时5天,2013/11/29,10:00,3003437,N,N,Y,Y,N,N,N,N,,,,,
E2,3007692,湖南省长沙双鹤医药公司永州配送中心,接口-中间数据库,3007692,上传延迟超过24小时5天,2013/11/26,10:00,3003437,N,N,Y,Y,N,N,N,N,,,,,
E2,3032644,湖南省长沙市双鹤医药有限责任公司湘潭分公司,接口-中间数据库,3032644,上传延迟超过24小时5天,2013/11/29,10:00,3003437,N,N,Y,Y,N,N,N,N,,,,,
E2,3032640,湖南省长沙市双鹤医药有限责任公司怀化分公司,接口-中间数据库,3032640,上传延迟超过24小时5天,2013/11/29,10:00,3003437,N,N,Y,Y,N,N,N,N,,,,,
E2,3014243,湖南省长沙双鹤医药公司娄底配送中心,接口-中间数据库,3014243,上传延迟超过24小时5天,2013/11/29,10:00,3003437,N,N,Y,Y,N,N,N,N,,,,,
E2,3010699,湖南省长沙双鹤医药公司邵阳分公司,接口-中间数据库,3010699,上传延迟超过24小时5天,2013/11/29,10:00,3003437,N,N,Y,Y,N,N,N,N,,,,,
E2,3007687,湖南省长沙双鹤医药公司衡阳配送中心,接口-中间数据库,3007687,上传延迟超过24小时5天,2013/11/27,10:00,3003437,N,N,Y,Y,N,N,N,N,,,,,
E2,3032667,湖南省长沙双鹤医药有限公司益阳分公司,接口-中间数据库,3032667,上传延迟超过24小时5天,2013/11/29,10:00,3003437,N,N,Y,Y,N,N,N,N,,,,,
E1,1002507,国药控股江苏有限公司,业务数据库直连,gykgjs,销售延迟,2013/11/27,10:00,,Y,Y,Y,Y,N,Y,Y,Y,,,,,
N1,1043104,吉林省友邦药业有限公司,接口-中间数据库,jlsybyy,销售延迟5天,2013/10/30,7:00,,Y,Y,Y,Y,Y,Y,Y,Y,,,,,
N2,3005472,陕西省华润西安医药有限公司,业务数据库直连,sxhrxa,销售延迟,2013/12/09,10:00,,Y,Y,Y,Y,Y,Y,N,Y,,,,,
E1,3033940,江苏省华为医药物流有限公司,业务数据库直连,jsshwyywl,上传延迟超过24小时5天,2013/12/17,10:00,,Y,Y,Y,Y,N,N,N,Y,,,,,
S,3003670,广东省康泽药业有限公司,接口-中间数据库,gdkzyy,销售延迟超过7天32天,2013/12/16,10:00,,N,N,Y,Y,N,Y,Y,N,,,,,
E2,9002524,宁波四明大药房有限公司,接口-中间数据库,zhsnbsm,上传延迟超过24小时5天,2013/12/13,10:00,,Y,Y,Y,Y,N,N,N,Y,,,,,
N1,3006552,河北省唐山海湾医药有限公司,业务数据库直连,hbstshwyy,销售延迟超过7天19天,2013/12/13,10:00,,N,Y,Y,Y,N,N,Y,Y,,,,,
E2,2057106,浙江省上药新欣医药有限公司　,接口-中间数据库,zjssyxx,销售延迟1天,2013/12/11,10:00,,Y,Y,Y,Y,N,Y,Y,Y,,,,,
E2,3014499,浙江省英特海斯医药有限公司,接口-XML,3014499,销售延迟,2013/12/11,22:44,2057102,Y,Y,Y,Y,N,N,Y,N,,,,,
E2,3001919,浙江省龙泉市医药药材总公司,接口-中间数据库,zjlqyy,销售延迟,2013/12/11,10:00,,Y,Y,Y,Y,N,Y,Y,Y,,,,,
E2,3002167,湖北省华润新龙医药有限公司,业务数据库直连,hbshrxl,销售延迟,2013/12/11,10:00,,Y,Y,Y,Y,Y,Y,Y,Y,,,,,
E1,3006876,山东省康诺盛世医药公司,业务数据库直连,sdknss,销售延迟,2013/12/11,10:00,,Y,Y,Y,Y,Y,Y,Y,Y,,,,,
E1,3036037? ,国药控股泰安有限公司? ,业务数据库直连,3036037,销售延迟超过7天11天,2013/11/26,10:00,1053104,Y,Y,Y,N,N,Y,Y,Y,,,,,
E2,3000615,安徽省医药（集团）股份有限公司,业务数据库直连,ahsyyjtgf,正常,2013/12/19,22:50,,Y,Y,Y,Y,N,N,Y,N,,,,,
N1,3014212,河北省国药乐仁堂承德医药有限公司,接口-视图,3014212,销售延迟1天,2014/01/08,22:30,2031103,Y,Y,Y,Y,N,Y,Y,N,,,,,
N1,3034572,河北省廊坊市国药乐仁堂廊坊医药有限公司,接口-视图,3034572,销售延迟5天,2014/01/08,23:30,2031103,Y,Y,Y,Y,N,Y,Y,N,,,,,
N2,2099104,新疆乌鲁木齐市九州通医药有限公司,接口-中间数据库,2099104,销售延迟1天,2013/12/26,10:00,2002707,Y,Y,Y,Y,Y,Y,Y,Y,,,,,
E1,1053101,山东省济南市九州通医药有限公司,接口-中间数据库,1053101,销售延迟1天,2013/12/26,10:00,2002707,Y,Y,Y,Y,Y,Y,Y,Y,,,,,
N1,1002402,辽宁省九州通医药有限公司,接口-中间数据库,1002402,销售延迟1天,2013/12/26,10:00,2002707,Y,Y,Y,Y,Y,Y,Y,Y,,,,,
E2,2002707,湖北省九州通医药公司,接口-中间数据库,hbjztyy,销售延迟1天,2013/12/26,10:00,,Y,Y,Y,Y,Y,Y,Y,Y,,,,,
S,3009228,广东省湛江市九州通医药公司,接口-中间数据库,3009228,销售延迟1天,2013/12/26,10:00,2002707,Y,Y,Y,Y,Y,Y,Y,Y,,,,,
S,3014757,广东省深圳市九州通医药公司,接口-中间数据库,3014757,销售延迟1天,2013/12/26,10:00,2002707,Y,Y,Y,Y,Y,Y,Y,Y,,,,,
S,3008233,广东省九州通医药有限公司广州分公司,接口-中间数据库,3008233,销售延迟1天,2013/12/26,10:00,2002707,Y,Y,Y,Y,Y,Y,Y,Y,,,,,
S,1076002,广东省九州通医药公司,接口-中间数据库,1076002,销售延迟1天,2013/12/26,10:00,2002707,Y,Y,Y,Y,Y,Y,Y,Y,,,,,
N2,2093105,甘肃省兰州市九州通医药有限公司,接口-中间数据库,2093105,销售延迟1天,2013/12/26,10:00,2002707,Y,Y,Y,Y,Y,Y,Y,Y,,,,,
N1,1001011,北京市九州通医药有限公司,接口-中间数据库,1001011,销售延迟1天,2013/12/26,10:00,2002707,Y,Y,Y,Y,Y,Y,Y,Y,,,,,
E2,3007520,安徽省九州通医药公司,接口-中间数据库,3007520,销售延迟1天,2013/12/26,10:00,2002707,Y,Y,Y,Y,Y,Y,Y,Y,,,,,
E1,2037106,河南九州通医药有限公司                ,接口-中间数据库,2037106,销售延迟1天,2013/12/26,10:00,2002707,Y,Y,Y,Y,Y,Y,Y,Y,,,,,
E1,1002505,江苏九州通医药有限公司                ,接口-中间数据库,1002505,销售延迟1天,2013/12/26,10:00,2002707,Y,Y,Y,Y,Y,Y,Y,Y,,,,,
E1,1002108,上海九州通医药有限公司                ,接口-中间数据库,1002108,销售延迟1天,2013/12/26,10:00,2002707,Y,Y,Y,Y,Y,Y,Y,Y,,,,,
E2,2059106,福建九州通医药有限公司                ,接口-中间数据库,2059106,销售延迟1天,2013/12/26,10:00,2002707,Y,Y,Y,Y,Y,Y,Y,Y,,,,,
E2,1079102,江西九州通医药有限公司                ,接口-中间数据库,1079102,销售延迟1天,2013/12/26,10:00,2002707,Y,Y,Y,Y,Y,Y,Y,Y,,,,,
S,2002304,重庆九州通医药有限公司                ,接口-中间数据库,2002304,销售延迟1天,2013/12/26,10:00,2002707,Y,Y,Y,Y,Y,Y,Y,Y,,,,,
E2,3007181,湖北省襄樊市襄阳九州通医药有限公司,接口-中间数据库,3007181,销售延迟1天,2013/12/26,10:00,2002707,Y,Y,Y,Y,Y,Y,Y,Y,,,,,
E2,3005502,湖北省九州通医药有限公司荆州分公司,接口-中间数据库,3005502,销售延迟1天,2013/12/26,10:00,2002707,Y,Y,Y,Y,Y,Y,Y,Y,,,,,
E2,3006570,浙江省温州九州通医药有限公司,接口-中间数据库,3006570,销售延迟1天,2013/12/26,10:00,2002707,Y,Y,Y,Y,Y,Y,Y,Y,,,,,
E2,3005609,湖北省恩施州九州通医药有限公司恩施分公司,接口-中间数据库,3005609,销售延迟1天,2013/12/26,10:00,2002707,Y,Y,Y,Y,Y,Y,Y,Y,,,,,
E2,3014264,湖北省九州通集团应城医药公司,接口-中间数据库,3014264,销售延迟5天,2013/12/26,10:00,2002707,Y,Y,Y,Y,Y,Y,Y,Y,,,,,
E2,3014869,湖南省长沙同安医药公司,业务数据库直连,hnchta,销售延迟,2013/12/26,10:00,,Y,Y,Y,Y,N,Y,Y,Y,,,,,
E2,9002356,江西南昌市黄庆仁栈药店,接口-视图,jxncwqr,销售延迟,2013/12/26,10:00,,N,N,Y,Y,N,N,Y,Y,,,,,
S,3003669,广东省开平市为星药业公司,业务数据库直连,gdskpswx,上传延迟超过24小时5天,2013/12/30,10:00,,Y,Y,Y,Y,N,N,N,N,,,,,
N1,3032633,国药控股包头有限公司,接口-视图,3032633,销售延迟1天,2013/12/31,10:00,2047103,Y,Y,Y,Y,Y,Y,Y,N,,,,,
S,3006021,四川省宜宾市众生医药有限公司,业务数据库直链,scybzs,销售延迟,2014/01/14,10:00,,Y,Y,Y,Y,N,N,Y,Y,,,,,
N1,3013625,辽宁省沈阳市隆达医药有限公司,业务数据库直链,lnsyldyy20140103,销售延迟超过7天46天,2014/01/03,10:00,,Y,Y,Y,Y,N,Y,Y,Y,,,,,
E1,3008212,江苏省扬州市永恒药业有限公司,业务数据库直链,jsyzyhyy,销售延迟1天,2014/01/10,10:00,,Y,N,N,Y,N,N,Y,Y,,,,,
E1,3033427,江苏省国药控股淮安有限公司,业务数据库直链,jsgykgha,销售延迟3天,2014/01/08,10:00,,Y,Y,Y,Y,N,Y,Y,Y,,,,,
E1,3001804,河南省开封市普生医药有限公司,业务数据库直链,hnkfps,销售延迟1天,2014/01/15,10:00,,Y,Y,Y,Y,N,Y,Y,Y,,,,,
E1,3035755,烟台金益医药有限公司,业务数据库直链,ytjyyy,销售延迟超过7天42天,2014/01/13,10:00,,Y,Y,Y,N,N,Y,Y,Y,,,,,
S,3008291,四川省雅安市雅通药业有限公司,业务数据库直链,scyayt,销售延迟,2014/01/21,10:00,,Y,Y,Y,Y,N,N,Y,Y,,,,,
E2,3033348,浙江省湖州市英特药业公司,接口-XML,3033348,销售延迟,2014/01/22,10:00,2057102,Y,Y,Y,Y,N,N,Y,N,,,,,
E2,3001943,浙江省嘉善县医药总公司,接口-XML,3001943,销售延迟,2014/01/22,10:00,2057102,Y,Y,Y,Y,N,N,Y,N,,,,,
S,3005705,康德乐（四川）医药有限公司,业务数据库直链,kdlscyy,销售延迟6天,2014/01/26,10:00,,Y,Y,Y,Y,Y,N,Y,N,,,,,
E1,3000026,上海市众协药业公司,接口-视图,shzxyy,销售延迟1天,2014/01/26,10:00,,Y,Y,Y,Y,N,Y,Y,Y,,,,,
N1,3032691,华润内蒙古有限公司,业务数据库直链,hrnmg,上传延迟超过24小时5天,2014/01/27,10:00,,Y,Y,Y,Y,N,N,N,N,,,,,
S,3002741,重庆桐君阁股份有限公司医药批发分公司,接口-中间数据库,3002741,上传延迟超过24小时6天,2014/02/11,10:00,3032988,Y,Y,Y,N,N,N,N,Y,,,,,
S,3000482,成都西部医药经营有限公司,接口-中间数据库,3000482,上传延迟超过24小时6天,2014/02/11,10:00,3032988,Y,Y,Y,N,N,N,N,Y,,,,,
S,3035359,南充市太极医药有限责任公司,接口-中间数据库,3035359,上传延迟超过24小时6天,2014/02/11,10:00,3032988,Y,Y,Y,N,N,N,N,Y,,,,,
S,3000501,四川省绵阳药业集团公司,接口-中间数据库,3000501,上传延迟超过24小时6天,2014/02/11,10:00,3032988,Y,Y,Y,N,N,N,N,Y,,,,,
S,3003077,四川省自贡市医药有限公司,接口-中间数据库,3003077,上传延迟超过24小时6天,2014/02/11,10:00,3032988,Y,Y,Y,N,N,N,N,Y,,,,,
S,3006730,太极集团四川德阳荣升药业有限公司,接口-中间数据库,3006730,上传延迟超过24小时6天,2014/02/11,10:00,3032988,Y,Y,Y,N,N,N,N,Y,,,,,
S,3013819,凉山州西部医药有限责任公司,接口-中间数据库,3013819,上传延迟超过24小时6天,2014/02/11,10:00,3032988,Y,Y,Y,N,N,N,N,Y,,,,,
S,3033307,重庆桐君阁股份有限公司黔江医药分公司,接口-中间数据库,3033307,上传延迟超过24小时6天,2014/02/11,10:00,3032988,Y,Y,Y,N,N,N,N,Y,,,,,
S,3035363,达州市太极医药有限责任公司,接口-中间数据库,3035363,上传延迟超过24小时6天,2014/02/12,10:00,3032988,Y,Y,Y,N,N,N,N,Y,,,,,
S,3036073,广元太极医药有限责任公司,接口-中间数据库,3036073,上传延迟超过24小时6天,2014/02/12,10:00,3032988,Y,Y,Y,N,N,N,N,Y,,,,,
S,3035379,乐山市太极医药有限责任公司,接口-中间数据库,3035379,上传延迟超过24小时6天,2014/02/12,10:00,3032988,Y,Y,Y,N,N,N,N,Y,,,,,
S,3000422,太极集团四川省德阳大中药业有限公司,接口-中间数据库,3000422,上传延迟超过24小时6天,2014/02/12,10:00,3032988,Y,Y,Y,N,N,N,N,Y,,,,,
S,9003092,重庆桐君阁大药房连锁有限责任公司（新）,接口方式直链,9003092,上传延迟超过24小时6天,2014/02/14,10:00,3032988,Y,Y,Y,N,N,N,N,Y,,,,,
S,3013642,重庆桐君阁股份有限公司万州医药物流中心,接口方式直链,3013642,上传延迟超过24小时6天,2014/02/14,10:00,3032988,Y,Y,Y,N,N,N,N,Y,,,,,
E2,3033393,国药控股湖南省永州有限公司,安装端口直链,3033393,销售延迟,2014/02/18,10:00,3002376,Y,Y,Y,Y,Y,Y,Y,Y,,,,,
S,9000829,四川太极大药房连锁有限公司,接口方式直链,9000829,上传延迟超过24小时6天,2014/02/20,10:00,3032988,Y,Y,Y,N,N,N,N,Y,,,,,
S,3010781,成都西航港太极医药有限责任公司,接口方式直链,3010781,上传延迟超过24小时6天,2014/02/20,10:00,3032988,Y,Y,Y,N,N,N,N,Y,,,,,
S,3003071,四川省泸州天诚药业有限责任公司,接口方式直链,3003071,上传延迟超过24小时6天,2014/02/20,10:00,3032988,Y,Y,Y,N,N,N,N,Y,,,,,
S,3035362,资阳市太极医药有限责任公司,接口方式直链,3035362,上传延迟超过24小时6天,2014/02/20,10:00,3032988,Y,Y,Y,N,N,N,N,Y,,,,,
E1,1002504,江苏省南京华东医药有限责任公司,业务数据库直链,jssnjhd,销售延迟,2014/03/04,10:00,,Y,Y,Y,Y,Y,Y,Y,Y,,,,,
E2,3010387,湖南省长沙市科瑞鸿泰医药公司,业务数据库直链,hnscsakrht,已成功上传,2014/03/05,10:00,,Y,Y,Y,Y,Y,Y,N,Y,,,,,
N2,3006809,宁夏中信医药有限公司,业务数据库直链,nxzxyy,销售延迟,2014/03/11,10:00,,Y,N,Y,Y,N,N,Y,Y,,,,,
E1,3006049,河南省焦作市云台山医药有限公司,业务数据库直链,hnsjzyts,销售延迟,2014/03/17,10:00,,Y,Y,Y,Y,N,Y,Y,Y,,,,,
E1,3003547,江苏省润天生化医药有限公司,业务数据库直链,jssrtshyy,销售延迟,2014/03/17,10:00,,Y,Y,Y,N,Y,Y,N,Y,,,,,
E2,3006066,湖南省德邦医药公司,业务数据库直链,,N,,10:00,,Y,Y,Y,Y,N,N,N,Y,,,,,
E2,3002382,湖南省九旺医药公司,业务数据库直链,,N,,10:00,,Y,Y,Y,Y,N,Y,Y,Y,,,,,
: N1,3003855,河北省沧州天元医药有限公司第四药品分公司,业务数据库直链,,N,,10:00,,,,,,Y,Y,Y,Y,,,,,
E1,3001458,江苏省南京药业公司,业务数据库直链,,N,,10:00,,,,,,,N,N,Y,,,,,
